{
  "timestamp": "2025-06-27T11:34:45.133299",
  "total_updated": 3121,
  "elapsed_minutes": 2.0853466833333334,
  "update_rate": 24.943894021266697,
  "batches_processed": 125,
  "batch_size": 25
}