{
  "timestamp": "2025-06-27T11:36:59.866032",
  "total_updated": 3121,
  "elapsed_minutes": 2.0852788833333333,
  "update_rate": 24.94470503797442,
  "batches_processed": 125,
  "batch_size": 25
}